OPERATOR_NAME,OPERATOR_DETAILS,OPERATOR_PROPERTIES,EXECUTION_ENGINE,DATABASE_NAME,SCHEMA_NAME,TABLE_NAME,TABLE_TYPE,TABLE_SIZE,OUTPUT_SIZE,SUBTREE_COST,OPERATOR_ID,PARENT_OPERATOR_ID,LEVEL,POSITION,TIMESTAMP
PROJECT,C.CUSTOMERNAME, TOTALSPENT, CASE WHEN SUM(OI.LINETOTAL) > 1000 THEN 'High Value' ELSE 'Standard' END,PHYSICAL_ENUM_BY: HEX_PROJECT,HEX,,,,,,5,0.0000074180938795518704,1,,1,1,2026-08-18 09:41:52.560000000
  HASH JOIN (LEFT OUTER),MANY-TO-ONE HASH CONDITION: C.CUSTOMERID = SO.CUSTOMERID, HASH SIZE: 5, RIGHT SIDE HASH,PERFECT_HASH, ENUM_BY: AGGR_THRU_JOIN, PHYSICAL_ENUM_BY: HEX_HASH_JOIN,HEX,,,,,,5,0.0000074180938795518704,2,1,2,1,2026-08-18 09:41:52.560000000
    INDEX JOIN (LEFT OUTER),ONE-TO-MANY INDEX JOIN CONDITION: C.CUSTOMERID = SO.CUSTOMERID, LEFT SIDE INDEX,ENUM_BY: AGGR_THRU_JOIN, PHYSICAL_ENUM_BY: HEX_INDEX_JOIN,HEX,H00,NSHARMA,CUSTOMERS,COLUMN TABLE,5,5,0.000003049004212473884,3,2,3,1,2026-08-18 09:41:52.560000000
      AGGREGATION,GROUPING: SO.CUSTOMERID, AGGREGATION: SUM(OI.LINETOTAL),VALUE_ID GROUPING, PERFECT_HASH, ENUM_BY: AGGR_THRU_JOIN, PHYSICAL_ENUM_BY: HEX_AGGR,HEX,,,,,,5,0.000002470198147077986,4,3,4,1,2026-08-18 09:41:52.560000000
        INDEX JOIN,MANY-TO-ONE INDEX JOIN CONDITION: OI.ORDERID = SO.ORDERID,PHYSICAL_ENUM_BY: HEX_INDEX_JOIN,HEX,H00,NSHARMA,SALESORDERS,COLUMN TABLE,6,7,8.105273510779858e-7,5,4,5,1,2026-08-18 09:41:52.560000000
          TABLE SCAN,,PHYSICAL_ENUM_BY: HEX_TABLE_SCAN,HEX,H00,NSHARMA,ORDERITEMS,COLUMN TABLE,7,7,2.1e-8,6,5,6,1,2026-08-18 09:41:52.560000000
    AGGREGATION,GROUPING: SO.CUSTOMERID, AGGREGATION: SUM(OI.LINETOTAL),VALUE_ID GROUPING, PERFECT_HASH, ENUM_BY: AGGR_THRU_JOIN, PHYSICAL_ENUM_BY: HEX_AGGR,HEX,,,,,,5,0.000002470198147077986,7,2,3,2,2026-08-18 09:41:52.560000000
      INDEX JOIN,MANY-TO-ONE INDEX JOIN CONDITION: OI.ORDERID = SO.ORDERID,PHYSICAL_ENUM_BY: HEX_INDEX_JOIN,HEX,H00,NSHARMA,SALESORDERS,COLUMN TABLE,6,7,8.105273510779858e-7,8,7,4,1,2026-08-18 09:41:52.560000000
        TABLE SCAN,,PHYSICAL_ENUM_BY: HEX_TABLE_SCAN,HEX,H00,NSHARMA,ORDERITEMS,COLUMN TABLE,7,7,2.1e-8,9,8,5,1,2026-08-18 09:41:52.560000000
