OPERATOR_NAME,OPERATOR_DETAILS,OPERATOR_PROPERTIES,EXECUTION_ENGINE,DATABASE_NAME,SCHEMA_NAME,TABLE_NAME,TABLE_TYPE,TABLE_SIZE,OUTPUT_SIZE,SUBTREE_COST,OPERATOR_ID,PARENT_OPERATOR_ID,LEVEL,POSITION,HOST,PORT,TIMESTAMP,CONNECTION_ID
PROJECT,C.CUSTOMERNAME, TOTALSPENT, CASE WHEN SUM(OI.LINETOTAL) > 1000 THEN 'High Value' ELSE 'Standard' END,PHYSICAL_ENUM_BY: HEX_PROJECT,HEX,,,,,,100000,0.3534501704730568,1,,1,1,60529a8a-1bd7-4938-8902-03594c29fc91,[REDACTED],2026-08-24 15:46:16.015000000,2125052
  HASH JOIN (LEFT OUTER),MANY-TO-ONE HASH CONDITION: C.CUSTOMERID = SO.CUSTOMERID, HASH SIZE: 100000, RIGHT SIDE HASH,TRANSLATION TABLE (RIGHT): C.CUSTOMERID = SO.CUSTOMERID, PERFECT_HASH, ENUM_BY: AGGR_THRU_JOIN, PHYSICAL_ENUM_BY: HEX_HASH_JOIN,HEX,,,,,,100000,0.3534501704730568,2,1,[REDACTED],1,60529a8a-1bd7-4938-8902-03594c29fc91,30040,2026-08-24 15:46:16.015000000,2125052
    INDEX JOIN (LEFT OUTER),ONE-TO-MANY INDEX JOIN CONDITION: C.CUSTOMERID = SO.CUSTOMERID, LEFT SIDE INDEX,TRANSLATION TABLE (RIGHT): C.CUSTOMERID = SO.CUSTOMERID, ENUM_BY: AGGR_THRU_JOIN, PHYSICAL_ENUM_BY: HEX_INDEX_JOIN,HEX,H00,NSHARMA,CUSTOMERS,COLUMN TABLE,100000,100000,0.16352423069048738,3,2,3,1,60529a8a-1bd7-4938-8902-03594c29fc91,30040,2026-08-24 15:46:16.015000000,2125052
      AGGREGATION,GROUPING: SO.CUSTOMERID, AGGREGATION: SUM(OI.LINETOTAL),VALUE_ID GROUPING, PERFECT_HASH, ENUM_BY: AGGR_THRU_JOIN, PHYSICAL_ENUM_BY: HEX_AGGR,HEX,,,,,,100000,0.15194810938256942,4,3,4,[REDACTED],60529a8a-1bd7-4938-8902-03594c29fc91,30040,2026-08-24 15:46:16.015000000,2125052
        INDEX JOIN,MANY-TO-ONE INDEX JOIN CONDITION: OI.ORDERID = SO.ORDERID,TRANSLATION TABLE (LEFT): OI.ORDERID = SO.ORDERID, PHYSICAL_ENUM_BY: HEX_INDEX_JOIN,HEX,H00,NSHARMA,SALESORDERS,COLUMN TABLE,400000,1000000,0.11578962158256942,5,4,5,1,60529a8a-1bd7-4938-8902-03594c29fc91,30040,2026-08-24 15:46:16.015000000,2125052
          TABLE SCAN,,PHYSICAL_ENUM_BY: HEX_TABLE_SCAN,HEX,H00,[STUDENT_SCHEMA],ORDERITEMS,COLUMN TABLE,1000000,1000000,0.003,6,5,6,1,[REDACTED-INSTANCE-ID],30040,2026-08-24 15:46:16.015000000,[REDACTED]
    AGGREGATION,GROUPING: SO.CUSTOMERID, AGGREGATION: SUM(OI.LINETOTAL),VALUE_ID GROUPING, PERFECT_HASH, ENUM_BY: AGGR_THRU_JOIN, PHYSICAL_ENUM_BY: HEX_AGGR,HEX,,,,,,100000,0.15194810938256942,7,2,3,[REDACTED],60529a8a-1bd7-4938-8902-03594c29fc91,30040,2026-08-24 15:46:16.015000000,2125052
      INDEX JOIN,MANY-TO-ONE INDEX JOIN CONDITION: OI.ORDERID = SO.ORDERID,TRANSLATION TABLE (LEFT): OI.ORDERID = SO.ORDERID, PHYSICAL_ENUM_BY: HEX_INDEX_JOIN,HEX,H00,NSHARMA,SALESORDERS,COLUMN TABLE,400000,1000000,0.11578962158256942,8,7,4,1,60529a8a-1bd7-4938-8902-03594c29fc91,30040,2026-08-24 15:46:16.015000000,2125052
        TABLE SCAN,,PHYSICAL_ENUM_BY: HEX_TABLE_SCAN,HEX,H00,[STUDENT_SCHEMA],ORDERITEMS,COLUMN TABLE,1000000,1000000,0.003,9,8,5,1,[REDACTED-INSTANCE-ID],30040,2026-08-24 15:46:16.015000000,[REDACTED]
